cohort_year,investors,avg_sip,total_invested,total_crore
2024,4803,107422.54183205638,3491125187,349.11
2025,197,109158.5770609319,30455243,3.05
